domain,VT_scan,isNXDomain,perNumChars,VtoC,lenDomain,SymToChar,TLD,class
vweqroyjevjhqtdmw.com,2,0,0,25,21,5,com,1
uurvuqudmnnk1o.com,2,0,6,60,18,6,com,1
exzqhnxmjibffytx.com,2,0,0,19,20,5,com,1
lgqrgsunoobtrnkhtu.com,2,0,0,31,22,5,com,1
ivvkeojgwhuwky0m.com,2,0,5,38,20,6,com,1
ydrixrzvdcu0.com,2,0,6,27,16,7,com,1
tkmmobtqyowh80.com,2,0,11,25,18,7,com,1
piaodwiwdnbzzfa1i.com,2,0,5,58,21,5,com,1
egbduyeeataznx4g.com,2,0,5,64,20,6,com,1
yeifryqtounzr.com,2,0,0,45,17,6,com,1
vriyyvekcphaiiqxq.com,2,0,0,43,21,5,com,1
wcvlhsczwnxdni8g.com,2,0,5,12,20,6,com,1
rdjujztyyyuxvltve.com,2,0,0,25,21,5,com,1
nkzfpqzeopphlquz28.com,2,0,9,27,22,5,com,1
mjvupoiivzoy1y.com,2,0,6,60,18,6,com,1
vtoatmmapseqmvwfk.com,2,0,0,33,21,5,com,1
qldlsiivgwvyadld.com,2,0,0,27,20,5,com,1
qhvdubltmymeq.com,2,0,0,23,17,6,com,1
qfluvbmaaihrrilr5.com,2,0,5,46,21,5,com,1
jjtzwxcrloqyuctym.com,2,0,0,18,21,5,com,1
tuvdrckbprerlran6.com,2,0,5,27,21,5,com,1
zxernwnjcbdamog13.com,2,0,10,29,21,6,com,1
jfkgnsjsjqixcipq.com,2,0,0,19,20,5,com,1
umlwahthqaljjyi.com,2,0,0,38,19,6,com,1
ekutqtfhlfafyw8j.com,2,0,5,29,20,6,com,1
nxpispgsvhwvkptbs.com,2,0,0,11,21,5,com,1
vvskbfnvuusm.com,2,0,0,25,16,7,com,1
avjzasufvxixsk.com,2,0,0,42,18,6,com,1
uigbxzdblbzhwv.com,2,0,0,21,18,6,com,1
ohckossafmchsll8.com,2,0,5,29,20,6,com,1
wudacqmoabax.com,2,0,0,67,16,7,com,1
cmnvqmytmhnmlcdt.com,2,0,0,6,20,5,com,1
eyvgatsuygafz.com,2,0,0,45,17,6,com,1
dsdaqdldvrgeqqt.com,2,0,0,20,19,6,com,1
vluabsrhvhata7.com,2,0,6,45,18,6,com,1
ordtmrqlgcnx.com,2,0,0,15,16,7,com,1
jsebycbzgydm44.com,2,0,11,15,18,7,com,1
dhizzllzcftpiwoj.com,2,0,0,27,20,5,com,1
ujkfxtrxaur6.com,2,0,6,40,16,7,com,1
lctbnrfcnrimwm.com,2,0,0,13,18,6,com,1
oqdqqqhxxthc.com,2,0,0,15,16,7,com,1
zwddwpgsjdjkqnumaq.com,2,0,0,17,22,5,com,1
mxmttzdwjxwfgktfha.com,2,0,0,11,22,5,com,1
xpmdrjlvmgszkippf8.com,2,0,5,11,22,5,com,1
byegwyqhhbgrovgd4m.com,2,0,5,18,22,5,com,1
vrlazxwoxagbcdevhl.com,2,0,0,31,22,5,com,1
mdkyremgpfws.com,2,0,0,15,16,7,com,1
esvxxhxytletv10.com,2,0,11,23,19,6,com,1
luedoltaoagynugo6r.com,2,0,5,82,22,5,com,1
cmceegaawtj4.com,2,0,6,56,16,7,com,1
kiaqsvllira3.com,2,0,6,56,16,7,com,1
jvnrodzfqwbk4a.com,2,0,6,23,18,6,com,1
axccfaowlaoac.com,2,0,0,78,17,6,com,1
smmedrgzimzs.com,2,0,0,25,16,7,com,1
hetyuewagdhhkygcin.com,2,0,0,40,22,5,com,1
aktgfdrkahhjxdml.com,2,0,0,19,20,5,com,1
aobwvwxqtttiyb4t.com,2,0,5,29,20,6,com,1
yxtcdqtmusvgk.com,2,0,0,14,17,6,com,1
unaceopmljsubd4d.com,2,0,5,50,20,6,com,1
vtjxwhsiurhaeijxr.com,2,0,0,43,21,5,com,1
kvxatddhcwjamxdcwf.com,2,0,0,17,22,5,com,1
ehetejghxljypoxvwi.com,2,0,0,40,22,5,com,1
slenmzxffow8.com,2,0,6,27,16,7,com,1
absaokoaansge9.com,2,0,6,100,18,6,com,1
wmzkfbudop22.com,2,0,12,30,16,8,com,1
nocsjpflutnzukjai.com,2,0,0,43,21,5,com,1
xmszdkxlcnf7.com,2,0,6,8,16,7,com,1
sszupwtqaozvxcjd.com,2,0,0,27,20,5,com,1
qbzooloikrist.com,2,0,0,60,17,6,com,1
dqaceonzbgxayhqn6.com,2,0,5,36,21,5,com,1
oygzbjlomhqijhcif.com,2,0,0,33,21,5,com,1
hhmhcpzxybnjdwtqt.com,2,0,0,5,21,5,com,1
igkvqmvnswhj.com,2,0,0,15,16,7,com,1
xizrzgdlkrsxl2.com,2,0,6,14,18,6,com,1
ftkyxivmklgvc1.com,2,0,6,14,18,6,com,1
wnlrmetbhsouiik7a.com,2,0,5,58,21,5,com,1
qlrruruvwysm3.com,2,0,6,25,17,7,com,1
rwtmpprnzdw3x.com,2,0,6,7,17,7,com,1
rxemlybsyoqand0h.com,2,0,5,29,20,6,com,1
iadfvepvemqzvsot.com,2,0,0,46,20,5,com,1
xxeignnnlfa8q.com,2,0,6,36,17,7,com,1
emplseifluiyqpdt2.com,2,0,5,46,21,5,com,1
kkeuhvappvha.com,2,0,0,50,16,7,com,1
ohakghwrnsyi.com,2,0,0,36,16,7,com,1
uimcizmbkwooceta.com,2,0,0,73,20,5,com,1
bhjgoumvyedmuw7b.com,2,0,5,38,20,6,com,1
upfosbktzcgk0w.com,2,0,6,23,18,6,com,1
vggzntomtnmbktjtb.com,2,0,0,11,21,5,com,1
uxwbeyuglfgtgue9z.com,2,0,5,46,21,5,com,1
kymzuclvbtekw.com,2,0,0,23,17,6,com,1
mdjyaesbdqk7p.com,2,0,6,25,17,7,com,1
mtltyhkitwjs.com,2,0,0,15,16,7,com,1
ynmgidhzklmjof.com,2,0,0,21,18,6,com,1
qadniouhsmhvn.com,2,0,0,45,17,6,com,1
ycwyrpmqowohzo9r.com,2,0,5,29,20,6,com,1
igvonaktjjkto72.com,2,0,11,45,19,6,com,1
eaphvuaekjg8.com,2,0,6,75,16,7,com,1
ysriwhvdxrqlze.com,2,0,0,21,18,6,com,1
bkursnpkpdad.com,2,0,0,25,16,7,com,1
djuhvnzlpflitoan.com,2,0,0,36,20,5,com,1
cunoczwspnvvcf6s.com,2,0,5,20,20,6,com,1
iachcxjtzuvoswn6.com,2,0,5,38,20,6,com,1
frldnejbzqsap1a.com,2,0,5,31,19,6,com,1
ockdfoxrjtsbz.com,2,0,0,23,17,6,com,1
fhfsfjqxhjhwqjtu4.com,2,0,5,12,21,5,com,1
lapgsnnzdkaihgc.com,2,0,0,29,19,6,com,1
ioylhfehoqmngcq6h.com,2,0,5,36,21,5,com,1
yvxvfehvspe5k.com,2,0,6,25,17,7,com,1
youhmdlgqqqujoh.com,2,0,0,38,19,6,com,1
trsxtlmfsizar1g.com,2,0,5,21,19,6,com,1
vhomhbasiwhmyd6x.com,2,0,5,29,20,6,com,1
eawrljklrwtnr1d.com,2,0,5,21,19,6,com,1
rxfwwsclfokotil4.com,2,0,5,29,20,6,com,1
qezzceteaeztn.com,2,0,0,60,17,6,com,1
fbvumstktw5a.com,2,0,6,27,16,7,com,1
scjsoocenahdiqnua.com,2,0,0,67,21,5,com,1
cqzypksjizhesyifg.com,2,0,0,25,21,5,com,1
bqazawzflvuwwifrzn.com,2,0,0,31,22,5,com,1
xkyolqqmjrhp7z.com,2,0,6,14,18,6,com,1
jkqsflzuddwaflp.com,2,0,0,20,19,6,com,1
ctvghtfdowlstyk.com,2,0,0,12,19,6,com,1
puixjvytsanbzqeli1.com,2,0,5,43,22,5,com,1
fcihgigphndbownxig.com,2,0,0,31,22,5,com,1
lepqizwdobwyvimvix.com,2,0,0,40,22,5,com,1
uinddwelkcvy.com,2,0,0,36,16,7,com,1
msedrpztcpqj7v.com,1,0,6,14,18,6,com,1
nwyheztyuagxxayc0.com,2,0,5,36,21,5,com,1
bwtfiyxcmmeo.com,2,0,0,36,16,7,com,1
deyuvolzcixgce.com,2,0,0,55,18,6,com,1
axezignfkovh5.com,2,0,6,50,17,7,com,1
ewfruwpufd6t.com,2,0,6,40,16,7,com,1
yuzgfnyhlymyqy78.com,2,0,10,13,20,6,com,1
kqdnlxqqbsvilhib.com,2,0,0,19,20,5,com,1
pblqjkxcbwbsge.com,2,0,0,13,18,6,com,1
fsmrgsvyppoefvfgv.com,2,0,0,18,21,5,com,1
nwswaxystxcddphqax.com,2,0,0,17,22,5,com,1
sowykzhmkmugkj8.com,2,0,5,21,19,6,com,1
iszdrqxucjmafw2.com,2,0,5,31,19,6,com,1
usnwtuoirfptuh4v.com,2,0,5,50,20,6,com,1
fkpnhczwoufyij.com,2,0,0,31,18,6,com,1
yakcepcumsi86.com,2,0,12,56,17,7,com,1
vuueiiedadrdxyhn.com,2,0,0,73,20,5,com,1
qmlrulmzqzbncfis4j.com,2,0,5,18,22,5,com,1
cqyulucgrcttz.com,2,0,0,23,17,6,com,1
ncnkkzblkpsygi8.com,2,0,5,13,19,6,com,1
xxuztevccuinojgb2r.com,2,0,5,43,22,5,com,1
atrjpbwynldytdb4.com,2,0,5,12,20,6,com,1
zfjxdaqgtobkbzf.com,2,0,0,20,19,6,com,1
xujwyygnytvxtqk.com,2,0,0,12,19,6,com,1
kvozwhyfhhaerpa.com,2,0,0,38,19,6,com,1
aqhtgbccqdnjmjecv.com,2,0,0,18,21,5,com,1
lhxszfemix4s.com,2,0,6,27,16,7,com,1
ntpmjppmblontfpumu.com,2,0,0,24,22,5,com,1
orgueevymoddcv.com,2,0,0,55,18,6,com,1
kfzrlnkqptn3w.com,2,0,6,7,17,7,com,1
jfmurkzjrpjwmr7.com,2,0,5,13,19,6,com,1
aqpvqmilattxbq7.com,2,0,5,31,19,6,com,1
xkkgphrnilh3.com,2,0,6,17,16,7,com,1
yombnhbmvgujemyduq.com,2,0,0,31,22,5,com,1
ufllkmzpffufmfdy4i.com,2,0,5,25,22,5,com,1
ovcqzlhfpkollylqru.com,2,0,0,24,22,5,com,1
lqnlykpmlqag.com,1,0,0,15,16,7,com,1
vnurhixowf3e.com,2,0,6,56,16,7,com,1
vbmrvzwinhiupimmx1.com,2,0,5,33,22,5,com,1
gsaifotodrcepqyjp9.com,2,0,5,43,22,5,com,1
ymsjtayyrphicva2.com,2,0,5,29,20,6,com,1
qeymwzhfbguo4z.com,2,0,6,33,18,6,com,1
mkcbtauxhsmu.com,2,0,0,36,16,7,com,1
rrggqulrlorzutnl2.com,2,0,5,27,21,5,com,1
ftzgxiqqolsyk.com,2,0,0,23,17,6,com,1
iuqsulqdnlhdx2.com,2,0,6,33,18,6,com,1
vqgyfzpgedpxbeasz8.com,2,0,5,25,22,5,com,1
niajimpfqmtttf3i.com,2,0,5,38,20,6,com,1
sbyzlxzbkqfmzudd8.com,2,0,5,12,21,5,com,1
dxoioeqteevmp7.com,2,0,6,78,18,6,com,1
lygpswzihpfo8z.com,2,0,6,23,18,6,com,1
kjhmaafctm7w.com,2,0,6,27,16,7,com,1
wvtaawcayluoaqzzw8.com,2,0,5,54,22,5,com,1
ycridqflknx1w.com,2,0,6,15,17,7,com,1
gowkuzwkwlbzrpth.com,2,0,0,19,20,5,com,1
olfdkbzvqjpaafmsqz.com,2,0,0,24,22,5,com,1
dadjchgxjbljxipmr.com,2,0,0,18,21,5,com,1
tdfcwyuiccdis.com,2,0,0,33,17,6,com,1
gbibsicqjgxig7.com,2,0,6,33,18,6,com,1
wssermoilwa00.com,2,0,12,56,17,7,com,1
xdxqwlmuravyesgp8m.com,1,0,5,25,22,5,com,1
wkjhuprbkqijx8o.com,2,0,5,31,19,6,com,1
ztimkiaukyopiv.com,2,0,0,70,18,6,com,1
afycpribslcdnbg.com,2,0,0,20,19,6,com,1
zycvbrdsjd1h.com,2,0,6,8,16,7,com,1
lfeeuvvqclbob.com,2,0,0,45,17,6,com,1
gtfijconwfbnps.com,2,0,0,21,18,6,com,1
xtvlkigdvmqdkjznq8.com,2,0,5,11,22,5,com,1
peojxllaqundxtjwdd.com,2,0,0,31,22,5,com,1
ysgdtboponqyi.com,2,0,0,33,17,6,com,1
vcbmrlmmhedfinab.com,2,0,0,27,20,5,com,1
dsofzcvyrxjkecfyxw.com,2,0,0,17,22,5,com,1
pavqhbtipdoc3.com,2,0,6,36,17,7,com,1
qabrdyturihny.com,2,0,0,33,17,6,com,1
dxsxlzmtcazdj5o.com,2,0,5,21,19,6,com,1
stotyezhbwiuroril.com,2,0,0,54,21,5,com,1
ymzdltgmtsyy3s.com,2,0,6,7,18,6,com,1
jmswanwtnczkqqil28.com,2,1,9,19,22,5,com,1
lagnsnythnbdzh3z.com,2,0,5,12,20,6,com,1
hgfqovsjgdlcnnen.com,2,0,0,19,20,5,com,1
whrjmvhaluqjvf4.com,2,0,5,21,19,6,com,1
ixkxkcdlmvuj.com,2,0,0,25,16,7,com,1
ucfzhclwstgcrooh.com,2,0,0,27,20,5,com,1
ltwhgrbypjogoss.com,2,0,0,20,19,6,com,1
mkksesawatztuba0e.com,2,0,5,58,21,5,com,1
zikxwedfcffmwf5g.com,2,0,5,20,20,6,com,1
lpqtnxgmswjr8n.com,2,0,6,7,18,6,com,1
pqjksvlyrnffyl.com,1,0,0,6,18,6,com,1
whyjepucawlsgx.com,2,0,0,31,18,6,com,1
vrjqvveklshkeljgb.com,2,0,0,18,21,5,com,1
buupmygjvwmq5q.com,2,0,6,23,18,6,com,1
hmjxrfckzdml9f.com,2,0,6,7,18,6,com,1
zwsziiwozupobub4u.com,2,0,5,73,21,5,com,1
guhzlofketvwdyjyod.com,2,0,0,31,22,5,com,1
xnnwripquejbbyc.com,2,0,0,29,19,6,com,1
whizntjpamwwuxi.com,2,0,0,38,19,6,com,1
fcrhdqpnfn6j.com,2,0,6,8,16,7,com,1
tnwfwtvnxumrk9.com,2,0,6,14,18,6,com,1
qyonzayiulkob.com,2,0,0,60,17,6,com,1
souvzwmizdou8c.com,2,0,6,60,18,6,com,1
oaznydamztqafzw1y.com,2,0,5,36,21,5,com,1
khapaqexobourzf.com,2,0,0,64,19,6,com,1
kkxtmewhiuxmoqtq3l.com,1,0,5,33,22,5,com,1
lkwbngitdosxmxc.com,2,0,0,20,19,6,com,1
njoqhoqvungrkl8.com,2,0,5,31,19,6,com,1
xuubidedxzsybjysuj.com,2,0,0,40,22,5,com,1
hdnrvaarhqobbmlwug.com,2,0,0,31,22,5,com,1
nfllrgcrmnvbiox2.com,2,0,5,20,20,6,com,1
uqqkthwusjby.com,2,0,0,25,16,7,com,1
nmwgfbqinbuzrccm.com,2,0,0,19,20,5,com,1
lgyaubvqkmygjwwv2.com,2,0,5,19,21,5,com,1
nzdhckblkjwkci.com,2,0,0,13,18,6,com,1
pgbkdjhkijztres5.com,2,0,5,20,20,6,com,1
jutwgwokoyqb7d.com,2,0,6,33,18,6,com,1
wkvnkcebuxrgvrp9w.com,2,0,5,19,21,5,com,1
nyonmqjndjpwa.com,2,0,0,23,17,6,com,1
ongvfhdnintq.com,1,0,0,25,16,7,com,1
royhgnbqebhvfd.com,2,0,0,21,18,6,com,1
etohfjrzbzal.com,2,0,0,36,16,7,com,1
rvgalksfuzgvuynt3.com,2,0,5,27,21,5,com,1
euekoeaqvb35.com,2,0,12,117,16,8,com,1
frcohgnslidsgokjh.com,2,0,0,25,21,5,com,1
zcgtazumgqhhtnnl3q.com,2,0,5,18,22,5,com,1
wzmxcmidmbowqvq.com,2,0,0,20,19,6,com,1
cbqbcqtgxmizwzq.com,2,0,0,12,19,6,com,1
gzkyrvcdgwaydmuls.com,2,0,0,18,21,5,com,1
swxdqrbjeaplqn0.com,2,0,5,21,19,6,com,1
gntyzecwijraps.com,2,0,0,31,18,6,com,1
jwyfscqarhoczze.com,2,0,0,29,19,6,com,1
vktbkrfqmjaex41.com,2,0,11,23,19,6,com,1
bsgonffwfxzwpozz2.com,2,0,5,19,21,5,com,1
ngdgvjkoqimwx50.com,2,0,11,23,19,6,com,1
wnatmjxzfo9q.com,2,0,6,27,16,7,com,1
xorfbvjgjmftzrxxwo.com,2,0,0,17,22,5,com,1
iyikfwavfsyt2w.com,2,0,6,33,18,6,com,1
mousodegoxketomxp.com,2,0,0,67,21,5,com,1
wgpfcxxptlycopdk10.com,2,0,9,12,22,5,com,1
pdpmuirsmjhsdyefd.com,2,0,0,25,21,5,com,1
brhsvpeuhktlhz.com,2,0,0,21,18,6,com,1
lcowqpnuwmyvgvh.com,2,0,0,20,19,6,com,1
nwxxycxeglqszph1.com,2,0,5,12,20,6,com,1
ueuauwgwwqmhonlb.com,2,0,0,58,20,5,com,1
lehsxqvnrwbnupdnf.com,2,0,0,18,21,5,com,1
xeztvusjbsmxilk3.com,2,0,5,29,20,6,com,1
hpxtzldiunioenfm5u.com,2,0,5,54,22,5,com,1
nuxwarpcxroephe.com,2,0,0,50,19,6,com,1
ymczgublty7p.com,2,0,6,17,16,7,com,1
ovjlqvefebtrwa.com,2,0,0,42,18,6,com,1
kfhwkkazpzdmwpw.com,2,0,0,12,19,6,com,1
uhxhbxiwhmpzhyykpz.com,2,0,0,17,22,5,com,1
mfyeorottti3g.com,2,0,6,50,17,7,com,1
htiutymjzipdhetjh.com,2,0,0,33,21,5,com,1
hkfcaywrywlnchae.com,2,0,0,27,20,5,com,1
qiarezcokozzo42.com,2,0,11,78,19,6,com,1
ywursyaoezybgsrbr.com,2,0,0,33,21,5,com,1
kyeyhiizeipjgmmsl.com,2,0,0,43,21,5,com,1
ortfrahovrham.com,2,0,0,45,17,6,com,1
hzvlvokkaduhdkdodd.com,2,0,0,31,22,5,com,1
afoojvuxomomsjjy.com,2,0,0,58,20,5,com,1
hgrjjmczadxvd7c.com,2,0,5,13,19,6,com,1
ozbdkrbcyecpsqg0.com,2,0,5,20,20,6,com,1
fvmqmoiznsgdmlsoy.com,2,0,0,25,21,5,com,1
xctldjptyonzjplh1.com,2,0,5,12,21,5,com,1
nlaggtemrjdjvxnk0.com,2,0,5,19,21,5,com,1
dtzabuwjljlopygv4k.com,2,0,5,25,22,5,com,1
yhkkoknryfdqnt4.com,2,0,5,13,19,6,com,1
lvuslckkumkyy.com,2,0,0,23,17,6,com,1
njoguizpluhdyxv50.com,2,0,10,38,21,6,com,1
vdzkoqrnpwyyzxcg4.com,2,0,5,12,21,5,com,1
mwyhjxysmckag.com,2,0,0,14,17,6,com,1
ytdbgnneewqushrh2.com,2,0,5,27,21,5,com,1
wcaxkskbvaalzdkk.com,2,0,0,27,20,5,com,1
maymtfjsfoh22.com,2,0,12,27,17,7,com,1
prdeyirrzavbkt.com,2,0,0,31,18,6,com,1
xsgzinqhagoldyax.com,2,0,0,36,20,5,com,1
zfucarkdnaphxilx.com,2,0,0,36,20,5,com,1
mdmocryjuecboz8.com,2,0,5,42,19,6,com,1
vubsgkjxekbfxavsp.com,2,0,0,25,21,5,com,1
ddfopedqqvwasil9f.com,2,0,5,36,21,5,com,1
mdzelzhksodzu4n.com,2,0,5,31,19,6,com,1
fnmtqfepvsws.com,2,0,0,15,16,7,com,1
lcrpktxlyshrlbr.com,2,0,0,6,19,6,com,1
eonocxgpleavzpap.com,2,0,0,58,20,5,com,1
hsfctkcaqenh9.com,2,0,6,25,17,7,com,1
lydmhjtnghwljah3.com,2,0,5,12,20,6,com,1
dvntwnupjvjoryhvef.com,2,0,0,24,22,5,com,1
qhekilapqiwmy.com,2,0,0,45,17,6,com,1
bdsfydrqyo54.com,2,0,12,18,16,8,com,1
jkyldrhxmszakd7.com,2,0,5,13,19,6,com,1
rryjqojmykjsnwaal6.com,2,0,5,25,22,5,com,1
shhomwjdjiejmwenzz.com,2,0,0,31,22,5,com,1
fzmkunbnnwi32.com,2,0,12,27,17,7,com,1
hrdzuuoeucglczhvv.com,2,0,0,43,21,5,com,1
fisprjsmxwjk.com,2,0,0,15,16,7,com,1
wnmunvszquckfnca.com,2,0,0,27,20,5,com,1
ovwtccxprpjf.com,2,0,0,15,16,7,com,1
izvgwqijgyupdgczoq.com,2,0,0,31,22,5,com,1
jhztviwmlbma8z.com,2,0,6,23,18,6,com,1
cwsfyqezxxmtyangkx.com,2,0,0,17,22,5,com,1
lsppikrwdzybm73.com,2,0,11,14,19,6,com,1
jqtbvaybekrslsw4q.com,2,0,5,19,21,5,com,1
dltvzwrijuax.com,2,0,0,36,16,7,com,1
npkwjnspsmx54.com,2,0,12,8,17,7,com,1
pnjqarhtspctnaogg6.com,2,0,5,25,22,5,com,1
ykxobddoxywe.com,2,0,0,36,16,7,com,1
nbbrrgjyis65.com,2,0,12,18,16,8,com,1
lirqwnppfjjqerpq5l.com,2,0,5,18,22,5,com,1
nkbrxlhclute.com,1,0,0,25,16,7,com,1
absqvkmvhmdeatb.com,2,0,0,29,19,6,com,1
amvoojmabsdatuwe.com,2,0,0,73,20,5,com,1
juunzljptj0g.com,2,0,6,27,16,7,com,1
szoknknpxkamrtury.com,2,0,0,25,21,5,com,1
pgbdozzsmserdi.com,2,0,0,31,18,6,com,1
zrrvwwzjahbe.com,2,0,0,25,16,7,com,1
wwntozmfcyeah0y.com,2,0,5,31,19,6,com,1
ywjkgarycfyykeoq8.com,2,0,5,27,21,5,com,1
weklekruzmtysco.com,2,0,0,38,19,6,com,1
ocwikgfkxcmxktfv2h.com,2,0,5,18,22,5,com,1
dpihzvoywlfltfhsc.com,2,0,0,18,21,5,com,1
eorjpazkrccvawgnzp.com,2,0,0,31,22,5,com,1
etymilxanhwwvojo.com,2,0,0,46,20,5,com,1
zktqnkiklrhzrvt6.com,2,0,5,12,20,6,com,1
dunoveuqgbdxnhktp6.com,2,0,5,33,22,5,com,1
apvjtymatusju.com,2,0,0,45,17,6,com,1
agfugupedye7l.com,2,0,6,67,17,7,com,1
sadpqbqmenircp.com,2,0,0,31,18,6,com,1
bdejxgqalnyqf.com,2,0,0,23,17,6,com,1
emcgpxugkfztl.com,2,0,0,23,17,6,com,1
xwwnlpwlcjgo.com,2,0,0,15,16,7,com,1
lcpuvrbjjjgjizugq.com,2,0,0,25,21,5,com,1
lsdeniswtpgx.com,2,0,0,25,16,7,com,1
khrcqvtdgpax.com,2,0,0,15,16,7,com,1
diaumycnallhtkdli.com,2,0,0,43,21,5,com,1
nzxabppehpqteej4j.com,2,0,5,36,21,5,com,1
qtlihxiyxqdfgvzc.com,2,0,0,19,20,5,com,1
tmxcyiahxsfyknknww.com,2,0,0,17,22,5,com,1
rakjcvdfpljvhx.com,2,0,0,13,18,6,com,1
noduqgoyhrwwyya.com,2,0,0,38,19,6,com,1
krimvyuowdayiokn9i.com,2,0,5,67,22,5,com,1
lkrkjxplxrahqfhxrw.com,2,0,0,11,22,5,com,1
atmxddinxakhracmh.com,2,0,0,33,21,5,com,1
ekxlwklcjwwz5o.com,2,0,6,23,18,6,com,1
xssepyesjktjoqcb.com,2,0,0,27,20,5,com,1
fmezncdthrhq8y.com,2,0,6,14,18,6,com,1
xdjjtoisoyxkne.com,2,0,0,42,18,6,com,1
bexvtdqrkwxli4d.com,2,0,5,21,19,6,com,1
nmeyqvczsygfzngcu4.com,2,0,5,18,22,5,com,1
jebnsuxbaducdpcxmc.com,2,0,0,31,22,5,com,1
wuihaingmzfk9.com,2,0,6,50,17,7,com,1
jbecvtynititxht.com,2,0,0,29,19,6,com,1
gxgmshkaaxpau9.com,2,0,6,45,18,6,com,1
ppuuauydrhunfl9t.com,2,0,5,50,20,6,com,1
rzoeqeadrkg4f.com,2,0,6,50,17,7,com,1
vqfiifqusylkph.com,2,0,0,31,18,6,com,1
gwjnrfcxvxpex05.com,2,0,11,14,19,6,com,1
uvicrnrlcdbkw.com,2,0,0,23,17,6,com,1
ghicrgysmasvo.com,2,0,0,33,17,6,com,1
xtzephucuf8s.com,2,0,6,40,16,7,com,1
rtcnkqzosbtcgqlplx.com,2,0,0,11,22,5,com,1
eimscbsqxstugu2p.com,2,0,5,38,20,6,com,1
tgikmmjmjczd.com,2,0,0,15,16,7,com,1
vtyjertdwrcthbw.com,2,0,0,12,19,6,com,1
fjhhrbxrrypdtfi0.com,2,0,5,12,20,6,com,1
iwrbmfkygjwljucov.com,2,0,0,25,21,5,com,1
xshtkuywtewhkd4u.com,2,0,5,29,20,6,com,1
xkrrivirvutjyxxafq.com,2,0,0,31,22,5,com,1
gotywzqmvzez.com,2,0,0,25,16,7,com,1
stdrexcsvvsaw5.com,2,0,6,23,18,6,com,1
mqasgdplduys5d.com,2,0,6,23,18,6,com,1
afuauoasnygq.com,2,0,0,88,16,7,com,1
gmqeiwymbldgalfry.com,2,0,0,25,21,5,com,1
ifbkmzhspwhbhzd.com,2,0,0,12,19,6,com,1
emxglvnhximo4.com,2,0,6,36,17,7,com,1
fxvdqfpazvut2.com,2,0,6,25,17,7,com,1
cxngmgmtwfzlki65.com,2,0,10,13,20,6,com,1
xvypengqhjlx.com,2,0,0,15,16,7,com,1
xdfsyxvdgxfkms47.com,2,0,10,6,20,6,com,1
hazlhkdxderwii2q.com,2,0,5,38,20,6,com,1
qizcfptpxmw45.com,2,0,12,17,17,7,com,1
xqftrhixejna.com,2,0,0,36,16,7,com,1
pkrlftuswwpzkskp78.com,2,0,9,12,22,5,com,1
pwrfkdgyanj7.com,2,0,6,17,16,7,com,1
tuqwcizyolfonpzlt.com,2,0,0,33,21,5,com,1
grrphspxmgkt1m.com,2,0,6,7,18,6,com,1
nysurgntoikz1.com,2,0,6,36,17,7,com,1
pwgqdombjfrefd8.com,2,0,5,21,19,6,com,1
yyuuruxgysofximb.com,2,0,0,46,20,5,com,1
repdhvtbxgorrmzm9m.com,2,0,5,18,22,5,com,1
podtbotaycb1i.com,2,0,6,50,17,7,com,1
bghmkixwypiymg.com,2,0,0,21,18,6,com,1
rvhnxbepygdfirkt.com,2,0,0,19,20,5,com,1
hipszbnzccu2.com,2,0,6,27,16,7,com,1
egyvvqiydrmyxync62.com,2,0,9,19,22,5,com,1
iccgrwghqprulb2g.com,2,0,5,20,20,6,com,1
zdintfgxyjra8v.com,2,0,6,23,18,6,com,1
bkvcvpqdgkukstq.com,2,0,0,12,19,6,com,1
lygqzmyporcpwnodtp.com,2,0,0,17,22,5,com,1
xrfcgkavbgcrzbdji.com,2,0,0,18,21,5,com,1
aviulfbtgcl8.com,2,0,6,40,16,7,com,1
otfbxubjehgguazr.com,2,0,0,46,20,5,com,1
fwchlwlktrpm1m.com,2,0,6,7,18,6,com,1
ohovavmtfxjfx0.com,2,0,6,33,18,6,com,1
krhsxxvigvcp4.com,2,0,6,15,17,7,com,1
rrdcqxeomvrpovkj4.com,2,0,5,27,21,5,com,1
bcjutehhiojljcu63.com,2,0,10,50,21,6,com,1
hmkiotlncyjzmg.com,2,0,0,21,18,6,com,1
hbvirmgrfjvhizaq.com,2,0,0,27,20,5,com,1
exuvcbtnteakrtxlv.com,2,0,0,33,21,5,com,1
uilonfdmii84.com,2,0,12,86,16,8,com,1
rqdupxanfcghxrhgv.com,2,0,0,18,21,5,com,1
vuqsosiitiyunj1.com,2,0,5,70,19,6,com,1
jhtshtmcjgfu1.com,2,0,6,15,17,7,com,1
grgwldpwldyseabh7c.com,2,0,5,18,22,5,com,1
hcgzziaigmldsr.com,2,0,0,31,18,6,com,1
njippvfeocqna.com,2,0,0,45,17,6,com,1
ybgniavpjsyhlxjnko.com,2,0,0,24,22,5,com,1
siqcmpdwgikxdxps.com,2,0,0,19,20,5,com,1
cviujujgwal00.com,2,0,12,56,17,7,com,1
phdjqqrirppck9.com,2,0,6,14,18,6,com,1
gdohxawkxw6y.com,2,0,6,27,16,7,com,1
louekgjwqjinjiisb1.com,2,0,5,54,22,5,com,1
ydbevwvcodefmwa9t.com,2,0,5,36,21,5,com,1
mlzkogiiqurjob2u.com,2,0,5,64,20,6,com,1
imepxcmhrj2e.com,2,0,6,40,16,7,com,1
doqxilpxqkhnoh.com,2,0,0,31,18,6,com,1
xlykjyfwohwjyg.com,2,0,0,13,18,6,com,1
qyixocgdwwia.com,2,0,0,50,16,7,com,1
vdlptrvqwjoruzbf.com,2,0,0,19,20,5,com,1
icqvyqffghqneacn5m.com,2,0,5,25,22,5,com,1
gcfkqelwcoes.com,2,0,0,36,16,7,com,1
dxynucaqswswz6.com,2,0,6,23,18,6,com,1
llzwiwinlszsay.com,2,0,0,31,18,6,com,1
libqomamnfjgzf6l.com,2,0,5,29,20,6,com,1
vhxywvfemwnj2l.com,2,0,6,14,18,6,com,1
fyyohtghzenppy81.com,2,0,10,21,20,6,com,1
nxtkfnaatlpletx.com,2,0,0,29,19,6,com,1
noniesyzgcyljt5y.com,2,0,5,29,20,6,com,1
uevgboamoiyv.com,2,0,0,88,16,7,com,1
okqhgvmwhavq.com,2,0,0,25,16,7,com,1
zvipedoddw5e.com,2,0,6,56,16,7,com,1
yuygyzqzjomfw.com,2,0,0,23,17,6,com,1
vsyztvaetqxnlu6.com,2,0,5,31,19,6,com,1
fzgeuwgldxkkig7.com,2,0,5,31,19,6,com,1
odrsamfxtyxqr.com,2,0,0,23,17,6,com,1
xmxutkekcxm0.com,2,0,6,27,16,7,com,1
jklpqyohigbmgzh9.com,2,0,5,20,20,6,com,1
wiajhwugniud.com,2,0,0,67,16,7,com,1
ojzmxxwvpzoo.com,2,0,0,36,16,7,com,1
bnwumfmnlheahh.com,2,0,0,31,18,6,com,1
zrepyxgzlugynit8z.com,2,0,5,27,21,5,com,1
mreivgwefwqkqyyj.com,2,0,0,27,20,5,com,1
duhmlocgjl4v.com,2,0,6,27,16,7,com,1
encqalyiexwsynonl9.com,2,0,5,43,22,5,com,1
uklzrfttznuko1m.com,2,0,5,31,19,6,com,1
pshsijtoazeyorx4i.com,2,0,5,58,21,5,com,1
dxnysgvnmqepghl4s.com,2,0,5,12,21,5,com,1
wjwzsorrunzipfqr3l.com,2,0,5,25,22,5,com,1
qlxzwlwnkbkjkcixam.com,2,0,0,17,22,5,com,1
fbbtfgxsliyt8.com,2,0,6,15,17,7,com,1
iazectqerghpw4v.com,2,0,5,42,19,6,com,1
qlunbqcxenzt.com,2,0,0,25,16,7,com,1
nofdobfvvugrfcb.com,2,0,0,29,19,6,com,1
azelumhqvsjpenh.com,2,0,0,38,19,6,com,1
ormmfcfmxjaunr3l.com,2,0,5,29,20,6,com,1
rwxvjzjbyuqzsgk2.com,2,0,5,12,20,6,com,1
qqtnaymkro97.com,2,0,12,30,16,8,com,1
iunauzlyjvyjc2.com,2,0,6,45,18,6,com,1
fjfavefjxpwp3.com,2,0,6,25,17,7,com,1
tdukmqfkgmrgu.com,2,0,0,23,17,6,com,1
zovlmjgwfvbfwfy.com,2,0,0,12,19,6,com,1
fpslkzvjnc29.com,2,0,12,8,16,8,com,1
dbfidbzarpqz.com,2,0,0,25,16,7,com,1
qzlxdfxlognul.com,2,0,0,23,17,6,com,1
wpjyerdvypnhlwj9w.com,2,0,5,12,21,5,com,1
ycodfwkgbpwuzetcq.com,1,0,0,25,21,5,com,1
xdpmgcqkny5l.com,2,0,6,8,16,7,com,1
qhxmnyvhryxvmiap8.com,2,0,5,19,21,5,com,1
vxaifsqdib4f.com,2,0,6,40,16,7,com,1
wsudgfrfngdqsjeqy4.com,1,0,5,18,22,5,com,1
mvojlbxzasaebipdc.com,2,0,0,43,21,5,com,1
gycbbkyzbja02.com,2,0,12,17,17,7,com,1
elqbzhkwptcunbjl.com,2,0,0,19,20,5,com,1
dafvttxexahudfxzcw.com,1,0,0,31,22,5,com,1
blinfegjpnoa.com,2,0,0,50,16,7,com,1
lxrcqtcgal1o.com,2,0,6,27,16,7,com,1
nwbiueflwbvwmp.com,2,0,0,31,18,6,com,1
lzwjskoogktyv9.com,2,0,6,23,18,6,com,1
rsgckcogqc3b.com,2,0,6,17,16,7,com,1
wukvosmpebcjjpzj96.com,1,0,9,27,22,5,com,1
smqbylecsdia.com,2,0,0,36,16,7,com,1
zwytgqyuryxnoyyv9.com,1,0,5,19,21,5,com,1
wvadpkxzcf92.com,2,0,12,18,16,8,com,1
yxvziktjbevnkjg.com,2,0,0,20,19,6,com,1
ujutrqdxjgixynnyg.com,1,0,0,25,21,5,com,1
hberhhtljmv85.com,2,0,12,17,17,7,com,1
ybtvadvmboccdolij7.com,2,0,5,33,22,5,com,1
yofvghxtmzfeist.com,2,0,0,29,19,6,com,1
bysxkmhxikr2.com,2,0,6,17,16,7,com,1
lqcbevskstheprf9.com,2,0,5,20,20,6,com,1
rimfhecnccahh.com,2,0,0,33,17,6,com,1
erwnvteuoeyjfxfz.com,2,0,0,46,20,5,com,1
ztqifdvsqbsa2c.com,2,0,6,23,18,6,com,1
twsuyegrgtojhjgq.com,2,0,0,27,20,5,com,1
ivlhugjssjktfyvme.com,2,0,0,25,21,5,com,1
gejawrjywjqgj0k.com,2,0,5,21,19,6,com,1
zpxychgaynydmgyq0z.com,2,0,5,11,22,5,com,1
xecuzsdsytvdetcq83.com,2,0,9,27,22,5,com,1
ftkxmdktyawxfuwzqo.com,2,0,0,24,22,5,com,1
fytbovhwrtev.com,2,0,0,25,16,7,com,1
xclsaflfxtub.com,2,0,0,25,16,7,com,1
zujvyieadmmydoegm.com,2,0,0,54,21,5,com,1
qrocptnypkffez6x.com,2,0,5,20,20,6,com,1
ytoxltpekrorajts3b.com,2,0,5,33,22,5,com,1
pzvoesbvbilj.com,2,0,0,36,16,7,com,1
avjxpwrkktouu.com,2,0,0,45,17,6,com,1
ssztavauoqkcmgega.com,2,0,0,54,21,5,com,1
rbuohuqnbwdu.com,2,0,0,50,16,7,com,1
ibgjejrfnmxku.com,2,0,0,33,17,6,com,1
fodxcfsjozrs.com,2,0,0,25,16,7,com,1
qzufuoqmkgsgbxa.com,2,0,0,38,19,6,com,1
roookwitvcbfsgm.com,2,0,0,38,19,6,com,1
ssrkcusstrpjwplaci.com,2,0,0,24,22,5,com,1
lasvteksmzco5.com,2,0,6,36,17,7,com,1
ngwzbzajmzlmxpsols.com,2,0,0,17,22,5,com,1
rxhnnqnaxcfbqld2h.com,2,0,5,12,21,5,com,1
iocddlzchzae.com,2,0,0,50,16,7,com,1
upcfosrchcox.com,2,0,0,36,16,7,com,1
wsthwqeoquaxnv.com,2,0,0,42,18,6,com,1
phpzwvosbsim9o.com,2,0,6,33,18,6,com,1
uwrccjfhgccjvbapkx.com,2,0,0,17,22,5,com,1
phczppkwebpmhqmh.com,2,0,0,12,20,5,com,1
caplbincrouk.com,2,0,0,50,16,7,com,1
uitggvnfvpzdh.com,2,0,0,23,17,6,com,1
xvzmdlqkxcihnh.com,2,0,0,13,18,6,com,1
zknxcnmhhrmxedc.com,2,0,0,12,19,6,com,1
htstvedjvjrwkgd22.com,2,0,10,12,21,6,com,1
qhhwzpedgdpxhqdw7.com,2,0,5,12,21,5,com,1
abdwbecpxtdut.com,2,0,0,33,17,6,com,1
gqzqkernnjiqr0.com,2,0,6,23,18,6,com,1
kfsrwkbsmrdfidm.com,2,0,0,12,19,6,com,1
xsbjpfdcgh2g.com,2,0,6,8,16,7,com,1
dkgatdbanloyycn.com,2,0,0,29,19,6,com,1
ciesfeyzwbeu.com,2,0,0,67,16,7,com,1
xqncetumdvjk.com,2,0,0,25,16,7,com,1
reymwildfsevwgfeoz.com,2,0,0,40,22,5,com,1
worwdwqnvziqd.com,2,0,0,23,17,6,com,1
qvrxvfuoqckc.com,2,0,0,25,16,7,com,1
xdoarptkeyrxeq.com,2,0,0,42,18,6,com,1
hajqekgleypfrpp.com,2,0,0,29,19,6,com,1
xxlqrweehfis7d.com,2,0,6,33,18,6,com,1
jounghivawnm6.com,2,0,6,50,17,7,com,1
pjhdccqczcxipypw.com,2,0,0,12,20,5,com,1
jcaphnunansyjix7y.com,2,0,5,36,21,5,com,1
anbyrqgcgnhuut.com,2,0,0,31,18,6,com,1
ypwtrcwqewelr.com,2,0,0,23,17,6,com,1
wpifxiqbqfte7.com,2,0,6,36,17,7,com,1
wzvdlatxfrumcci.com,2,0,0,29,19,6,com,1
adqaqlytudivukbso9.com,2,0,5,54,22,5,com,1
pwpfyusvtfqcr.com,2,0,0,14,17,6,com,1
jzeelbipvwjivpzv8b.com,2,0,5,33,22,5,com,1
saoomrfbhvkgvbqa.com,2,0,0,36,20,5,com,1
vvjefwakio4d.com,2,0,6,56,16,7,com,1
czaunibnhqnyi8y.com,2,0,5,42,19,6,com,1
hdzxlnrmqvmty8l.com,2,0,5,6,19,6,com,1
fmfxxofrlyfrgld9x.com,2,0,5,12,21,5,com,1
vhksppievkfdelmlm8.com,2,0,5,25,22,5,com,1
rymejqtihlsghmpc2k.com,2,0,5,18,22,5,com,1
wazfwtewxent.com,2,0,0,36,16,7,com,1
znemfreosfztvzd6n.com,2,0,5,27,21,5,com,1
wihzobhxzbinykfnjj.com,2,0,0,24,22,5,com,1
lyylttajgnsxuuwsr6.com,2,0,5,25,22,5,com,1
uuwsppylainfvi.com,2,0,0,55,18,6,com,1
jpfhutwkfvixksph.com,2,0,0,19,20,5,com,1
gogxsyganknzwl.com,2,0,0,21,18,6,com,1
wbmagytbclye1e.com,2,0,6,33,18,6,com,1
qsyeyrcsknwm1e.com,2,0,6,23,18,6,com,1
zhsyzkzrspyptxyyr1.com,2,0,5,5,22,5,com,1
nctrfvfeqhdmu.com,2,0,0,23,17,6,com,1
xvmcshmeuicyeh.com,2,0,0,42,18,6,com,1
zsxzussuaaa3a.com,2,0,6,88,17,7,com,1
jazzcdsgaghlikc.com,2,0,0,29,19,6,com,1
xjrntgwippx9.com,2,0,6,17,16,7,com,1
gyogdtdtriri.com,2,0,0,36,16,7,com,1
wkryxadabqwagvri7.com,2,0,5,36,21,5,com,1
ewjgfchbwtfoqcgizd.com,2,0,0,24,22,5,com,1
tlmcrzgcdtrnodori.com,2,0,0,25,21,5,com,1
baqtadioodfufcn.com,2,0,0,64,19,6,com,1
rpdtickqyqkopx7h.com,2,0,5,20,20,6,com,1
awzzhhcfmponnvdtzg.com,2,0,0,17,22,5,com,1
rhccqcbpfvdas4u.com,2,0,5,21,19,6,com,1
lqwwwamxhkdxo.com,2,0,0,23,17,6,com,1
uxmjmmpmrofdwhmldm.com,2,0,0,17,22,5,com,1
tqyfzraobyjysbgukn.com,2,0,0,24,22,5,com,1
stzwazgesbgpuxye.com,2,0,0,36,20,5,com,1
avsrqpgmiuhxf8.com,2,0,6,33,18,6,com,1
xmudgwmjwq9q.com,2,0,6,17,16,7,com,1
jwvrtxsahstcyhncen.com,2,0,0,17,22,5,com,1
cktdjlqjcours1.com,2,0,6,23,18,6,com,1
zkvxlfjygxtce79.com,2,0,11,14,19,6,com,1
zyxwfcvmsury7.com,2,0,6,15,17,7,com,1
iwrlpawrufqhjvg1e.com,2,0,5,36,21,5,com,1
cqyylwmnkss2.com,2,0,6,8,16,7,com,1
areqewkffzyqeay.com,2,0,0,50,19,6,com,1
xhlwyayyirdkmpes8.com,2,0,5,27,21,5,com,1
eqshxthiglsznwpfdo.com,2,0,0,24,22,5,com,1
xfbnbyskwjvokxsr.com,2,0,0,12,20,5,com,1
jqayfmmrscsp.com,2,0,0,15,16,7,com,1
fcgkreicagwjbbkwew.com,2,0,0,31,22,5,com,1
lhcyuldwkoykhc.com,2,0,0,21,18,6,com,1
xaimduajzxrxgv0v.com,2,0,5,38,20,6,com,1
rkzvxifxgivxrac1.com,2,0,5,29,20,6,com,1
fdffxehxkf6g.com,2,0,6,17,16,7,com,1
jmazsffhgkdicec.com,2,0,0,29,19,6,com,1
qoxoysqinrzrxhpi.com,2,0,0,36,20,5,com,1
wztfqoqhfsdqx.com,2,0,0,14,17,6,com,1
oyyqghtaxfjzdqc.com,2,0,0,20,19,6,com,1
qjffvefpbgy3.com,2,0,6,17,16,7,com,1
crigfbvcqrvbqkuuqs.com,2,0,0,24,22,5,com,1
lsssovdfvron1s.com,2,0,6,23,18,6,com,1
zyiqbznlmyym26.com,2,0,11,15,18,7,com,1
ogauyihcoaxydiq.com,2,0,0,80,19,6,com,1
gzpxmekyekwvgo.com,2,0,0,31,18,6,com,1
txrmmiqbyhtjdruv3.com,2,0,5,19,21,5,com,1
ikctnaugotzvnnj2.com,2,0,5,38,20,6,com,1
eksquhpourtqn2r.com,2,0,5,42,19,6,com,1
fttsxkbkufzcd.com,2,0,0,14,17,6,com,1
uselxnzkhfdygnz.com,2,0,0,20,19,6,com,1
mtelfrwbznuqfaawb.com,2,0,0,33,21,5,com,1
kigteycgyw5k.com,2,0,6,27,16,7,com,1
qfkhvvoufsmdnxzeym.com,2,0,0,24,22,5,com,1
hrpzrsczlfmh6y.com,2,0,6,7,18,6,com,1
gvtriwpoeegdlome5.com,2,0,5,58,21,5,com,1
olglpnhiwybb.com,2,0,0,25,16,7,com,1
fkqpcrjscvss.com,2,0,0,7,16,7,com,1
putfqxxjccku.com,2,0,0,25,16,7,com,1
orrtpoddkjia.com,2,0,0,50,16,7,com,1
zjczxslkbnyxn.com,2,0,0,7,17,6,com,1
hmpemlwzfro1.com,2,0,6,27,16,7,com,1
tfidexxlhlin.com,2,0,0,36,16,7,com,1
gbbbeekzkyky17.com,2,0,11,25,18,7,com,1
vyrgerqfgzhkgldt.com,2,0,0,12,20,5,com,1
qboxwdrbbhtlldob.com,2,0,0,19,20,5,com,1
yfszxnbfaecjdul3.com,2,0,5,29,20,6,com,1
fwxrerbwqduexd9o.com,1,0,5,38,20,6,com,1
nupqojjicsyslsu9y.com,2,0,5,36,21,5,com,1
eabxifvarg7g.com,2,0,6,56,16,7,com,1
kftajwcqjphormphja.com,2,0,0,24,22,5,com,1
ubwrijahfsh0x.com,2,0,6,36,17,7,com,1
yhfkbdvjwkxmgevq67.com,2,0,9,12,22,5,com,1
soqdfsstlezds41.com,2,0,11,23,19,6,com,1
fxqeeitdivd7r.com,2,0,6,50,17,7,com,1
mbyldwywsektopfivb.com,2,0,0,24,22,5,com,1
nhualiqnbkqy42.com,2,0,11,36,18,7,com,1
rhvkpuoocpgusj.com,2,0,0,42,18,6,com,1
votuavfgvsdcxpob8t.com,2,0,5,33,22,5,com,1
ivvabwsuywtwwzh2p.com,2,0,5,27,21,5,com,1
euuoicfairhscmv6.com,2,0,5,80,20,6,com,1
rnxonfywecpqu.com,2,0,0,33,17,6,com,1
tdnoaohhqwolffjq.com,2,0,0,36,20,5,com,1
ywdvouxvmvaqt.com,2,0,0,33,17,6,com,1
eyehqfiakqsqhtzwk3.com,2,0,5,33,22,5,com,1
heknqwmocooqzi0.com,2,0,5,55,19,6,com,1
clwkcriyafebb.com,2,0,0,33,17,6,com,1
kdhqiizzcmxsqj4.com,2,0,5,21,19,6,com,1
gjcpocnuhatlmsniw9.com,2,0,5,33,22,5,com,1
obnrzypldxefhzetk.com,2,0,0,25,21,5,com,1
ytaszgxzppr38.com,2,0,12,17,17,7,com,1
jdctmiwbtyyhxjmi8y.com,2,0,5,18,22,5,com,1
igdxpstietxtvix.com,2,0,0,38,19,6,com,1
rhdrrnfzbmsyj.com,2,0,0,7,17,6,com,1
tjozhlrxdy6a.com,2,0,6,27,16,7,com,1
mbiffbfwrdkanyumn.com,2,0,0,25,21,5,com,1
zjcjcyoukzwgduqpd0.com,2,0,5,25,22,5,com,1
fjejnpkbxgbxszjcfy.com,2,0,0,11,22,5,com,1
itqmbiaitrxmznh.com,2,0,0,38,19,6,com,1
mxqaypvboyqyhwew4v.com,2,0,5,25,22,5,com,1
pukiwaylsbef3y.com,2,0,6,45,18,6,com,1
ltknwlqolzytobbg21.com,2,0,9,19,22,5,com,1
yakexeuadyifyr7a.com,1,0,5,80,20,6,com,1
bkcypygcinttfp.com,2,0,0,13,18,6,com,1
yczeccvsdnbqy3.com,2,0,6,14,18,6,com,1
fruqrfhikwmijrshe7.com,2,0,5,33,22,5,com,1
ktdlwajkntedd7.com,2,0,6,23,18,6,com,1
cyuhkqmipxoxdpbq.com,2,0,0,27,20,5,com,1
szbonmyfcqwvpzh96.com,2,0,10,12,21,6,com,1
ivtemsrmlyxwqqf4.com,2,0,5,20,20,6,com,1
xdxjpqzwrxrvxfrx1h.com,2,0,5,5,22,5,com,1
vlopvslyayrcjsjqb.com,2,0,0,18,21,5,com,1
njpgmhcosbclkor.com,2,0,0,20,19,6,com,1
rowirvqspe8q.com,2,0,6,40,16,7,com,1
uhsrsevyszb06.com,2,0,12,27,17,7,com,1
otmdjsixzjli.com,2,0,0,36,16,7,com,1
wdscraaoktflgysu2h.com,2,0,5,33,22,5,com,1
nemxnpsjbkohijj.com,2,0,0,29,19,6,com,1
rtjymcpspyibyzax.com,2,0,0,19,20,5,com,1
lirzkqbrrupbz.com,2,0,0,23,17,6,com,1
kcxvixwnftbo.com,1,0,0,25,16,7,com,1
fwtpappnqzs7u.com,2,0,6,25,17,7,com,1
qhiznakznxwoxqw.com,2,0,0,29,19,6,com,1
mrsftjdnsnrpmvzcwm.com,2,0,0,5,22,5,com,1
cghxgshrrpkoo48.com,2,0,11,23,19,6,com,1
gmxcneggfqsad.com,2,0,0,23,17,6,com,1
trsdnbkjrbcgm.com,2,0,0,7,17,6,com,1
dtzdtwbbngouddug.com,2,0,0,27,20,5,com,1
wptnyxmxdakqm.com,2,0,0,14,17,6,com,1
uzzhnzxzxisqa.com,2,0,0,33,17,6,com,1
mztkajtihhcqrqgy8.com,2,0,5,19,21,5,com,1
xulpoeftucc5.com,2,0,6,56,16,7,com,1
sylmjadksc8g.com,2,0,6,17,16,7,com,1
fowiqjugdssdrqdv.com,2,0,0,27,20,5,com,1
nxfeirfykpiqby.com,2,0,0,31,18,6,com,1
pmgewqdufybn.com,2,0,0,25,16,7,com,1
flsvmcxljrudfp20.com,2,0,10,13,20,6,com,1
dlcufjvfubvdl.com,2,0,0,23,17,6,com,1
dgpvufyuadjpe07.com,2,0,11,45,19,6,com,1
owlimhvvcllzg.com,2,0,0,23,17,6,com,1
moftduqzybkgw3.com,2,0,6,23,18,6,com,1
mryiphkprfiypd4.com,2,0,5,21,19,6,com,1
wbqolzbhhqr14.com,2,0,12,17,17,7,com,1
fhyzrjxmmdhqrkvfme.com,2,0,0,11,22,5,com,1
inicvetpmbafpmiyi.com,2,0,0,54,21,5,com,1
sacxsldlbsybnmoz2.com,2,0,5,19,21,5,com,1
mwjkyrbuuwpppv1.com,2,0,5,21,19,6,com,1
rtjkztqamhblkfuz.com,2,0,0,19,20,5,com,1
mumwozweagdnyxef.com,2,0,0,46,20,5,com,1
nwpqmavchkmrl8n.com,2,0,5,13,19,6,com,1
dkymnschliztzh6.com,2,0,5,13,19,6,com,1
bbgmaeyzyeivywchg9.com,2,0,5,33,22,5,com,1
ayghsqqnuflmxm.com,1,0,0,21,18,6,com,1
enpfxidkdobkfdbj8.com,2,0,5,27,21,5,com,1
ezspzrfznfbf43.com,2,0,11,15,18,7,com,1
qlufogkoqz0z.com,2,0,6,40,16,7,com,1
zuygmpnpihdcdabsr2.com,2,0,5,25,22,5,com,1
zoifenpwflesft2o.com,2,0,5,50,20,6,com,1
iqtiyapmakzj7q.com,2,0,6,45,18,6,com,1
geaybzjhrxuqfad.com,2,0,0,38,19,6,com,1
kgfebxjlohokjafx.com,2,0,0,36,20,5,com,1
gwtbuzhdeujat3l.com,2,0,5,42,19,6,com,1
kovrayhivggdzdteaf.com,2,0,0,40,22,5,com,1
zeymafnjuomdue.com,2,0,0,70,18,6,com,1
udhjdeiqooixokyrty.com,2,0,0,62,22,5,com,1
wgeoiztiiigiu3c.com,2,0,5,112,19,6,com,1
trzvqlfkawsvph.com,2,0,0,13,18,6,com,1
wesaldwhahz9w.com,2,0,6,36,17,7,com,1
gxpzlemntqnuoo.com,2,0,0,42,18,6,com,1
xmwawdaamqrpmmbe8.com,2,0,5,36,21,5,com,1
zyrfgtgpruaxgq83.com,2,0,10,21,20,6,com,1
mtqzsmfvritpuyzd.com,2,0,0,19,20,5,com,1
raobgorwrmabx7g.com,2,0,5,42,19,6,com,1
fykuoqituxtks.com,2,0,0,45,17,6,com,1
ujhfjdxkoxqiklcua4.com,2,0,5,43,22,5,com,1
yqyfwxjftzb2.com,2,0,6,8,16,7,com,1
oxfvxmsrmsbpm.com,2,0,0,14,17,6,com,1
yconlwvbzfabifuna.com,2,0,0,43,21,5,com,1
mybtbmahclca5g.com,2,0,6,23,18,6,com,1
qnoxgjxvgzkl.com,2,0,0,15,16,7,com,1
deqlsvrgubvg6.com,2,0,6,25,17,7,com,1
xgnlflvrpij4.com,2,0,6,17,16,7,com,1
kqpxgmvsifjyrzmsvr.com,2,0,0,11,22,5,com,1
ilpzdvzqynpjck.com,2,0,0,13,18,6,com,1
liihgcxdttkpirt.com,2,0,0,29,19,6,com,1
lcuiaoswiobyqarc.com,2,0,0,73,20,5,com,1
pokfljsvippcox6.com,2,0,5,31,19,6,com,1
lkdyjxvgtvesqs05.com,2,0,10,13,20,6,com,1
yclnqnrrube0.com,2,0,6,27,16,7,com,1
obuzketrjcdeemycj.com,2,0,0,43,21,5,com,1
odwlcdhplkglzi8y.com,2,0,5,20,20,6,com,1
zxfmnnkscshao.com,2,0,0,23,17,6,com,1
udksxltauttzyv.com,2,0,0,31,18,6,com,1
tikhvzvlpbcgmbca.com,1,0,0,19,20,5,com,1
ccmmktmbannsad.com,2,0,0,21,18,6,com,1
fmwlfiuocltpeaj4.com,2,0,5,50,20,6,com,1
snxawvtrzuae0.com,2,0,6,50,17,7,com,1
xyqexiibgf5z.com,2,0,6,40,16,7,com,1
cmojoybfzskot.com,2,0,0,33,17,6,com,1
wyiolsvzlngn.com,2,0,0,25,16,7,com,1
dmiougbrrpqunljwg.com,2,0,0,33,21,5,com,1
mukyhtxoaxonvpu.com,2,0,0,50,19,6,com,1
cnxggbpdjzdxqg.com,2,0,0,6,18,6,com,1
rnqlcfktomjm.com,2,0,0,15,16,7,com,1
hllrvpjdtljcqphchi.com,2,0,0,11,22,5,com,1
nwygnerkiyvgzv6m.com,2,0,5,20,20,6,com,1
luutytxktahf.com,2,0,0,36,16,7,com,1
noxidrhpvdegjepz.com,2,0,0,36,20,5,com,1
oomslwkxdsob.com,2,0,0,36,16,7,com,1
lkgvivlygilxm2q.com,2,0,5,21,19,6,com,1
ipnzhwgfzyw6q.com,2,0,6,15,17,7,com,1
uxnhvbhknjdvd.com,2,0,0,14,17,6,com,1
bdzietknafnbb.com,2,0,0,33,17,6,com,1
zopgmwqgeaxaz.com,2,0,0,45,17,6,com,1
krnqpbpkxmlqz.com,2,0,0,7,17,6,com,1
cktxsbjvytztwo87.com,2,0,10,13,20,6,com,1
fxieypwaspktwhwk.com,2,0,0,27,20,5,com,1
kyqtrupiwthkfmjr.com,2,0,0,19,20,5,com,1
svukrkoxqppj0.com,1,0,6,25,17,7,com,1
fjiwxwcqpett.com,2,0,0,25,16,7,com,1
mudrygklvwnpnqp.com,2,0,0,12,19,6,com,1
lxuuzmkkjdjcqgcs83.com,2,0,9,19,22,5,com,1
etjxdvbiklohlwf.com,2,0,0,29,19,6,com,1
svvctqlfjtqcedndif.com,2,0,0,17,22,5,com,1
yerffddztsyrgkxo26.com,2,0,9,19,22,5,com,1
qylrdyzhlqlokj.com,2,0,0,13,18,6,com,1
exiupviwebmrj4r.com,2,0,5,55,19,6,com,1
fkyfesqgudzlzjjn5.com,2,0,5,19,21,5,com,1
hvdsbedkiwkbepmuh.com,2,0,0,33,21,5,com,1
epqzxvduxbppkvgqd.com,2,0,0,18,21,5,com,1
hyghkvxnwtatz4.com,2,0,6,14,18,6,com,1
qwfdjzlyhjcjpxw.com,2,0,0,6,19,6,com,1
fpmkighxbqlbig.com,2,0,0,21,18,6,com,1
dtodjumtkyawmstok.com,2,0,0,33,21,5,com,1
mrdtcxmwximerj5e.com,2,0,5,29,20,6,com,1
biqlftixopro.com,1,0,0,50,16,7,com,1
iskdkkyjdruiif9.com,2,0,5,42,19,6,com,1
abksxxrhfqbfw.com,2,0,0,14,17,6,com,1
vsyltngtaohyuot9.com,2,0,5,38,20,6,com,1
zknsguvrisgwg.com,2,0,0,23,17,6,com,1
icrehlwvlvvxtr.com,2,0,0,21,18,6,com,1
gycbyxzrkopatcb2y.com,2,0,5,19,21,5,com,1
cgqxptdwmv7s.com,2,0,6,8,16,7,com,1
ixffedknzfyq.com,2,0,0,25,16,7,com,1
obbdzongxbpulfpd.com,2,0,0,27,20,5,com,1
apbhwiafxplkp.com,2,0,0,33,17,6,com,1
tdudkktksenjezxx.com,2,0,0,27,20,5,com,1
pgxoibstekmmubl.com,2,0,0,38,19,6,com,1
dtngfsolvhlpqv.com,2,0,0,13,18,6,com,1
kbfqbydtgkvod2.com,2,0,6,14,18,6,com,1
alcfnkzznvaaghxf73.com,2,0,9,27,22,5,com,1
ptyvxnnvkjh4.com,2,0,6,8,16,7,com,1
ikhizecczyz3.com,2,0,6,40,16,7,com,1
mgknhnemwpkjp.com,2,0,0,14,17,6,com,1
fejcalhsielpto.com,2,0,0,55,18,6,com,1
jirmhatvdpvdlnow.com,1,0,0,27,20,5,com,1
cbdlnjiemdtmbsv8v.com,2,0,5,19,21,5,com,1
rwtqofksmznie24.com,2,0,11,33,19,6,com,1
exipununhmgea.com,2,0,0,78,17,6,com,1
mxcsuvzmgpprxl.com,2,0,0,13,18,6,com,1
vtnqaonxzhhsgf0x.com,2,0,5,20,20,6,com,1
jzqgrdpuyzofn.com,2,0,0,23,17,6,com,1
zzixenhtvodt.com,2,0,0,36,16,7,com,1
rvwbakssspzwgwdsuw.com,2,0,0,17,22,5,com,1
agwlbpkcwvcwcd8.com,2,0,5,13,19,6,com,1
apupjtsebvxtymai.com,2,0,0,46,20,5,com,1
qklburrezumntlix9f.com,2,0,5,33,22,5,com,1
evbqqxbimmrzgqv2g.com,2,0,5,19,21,5,com,1
jpadexsrntci.com,2,0,0,36,16,7,com,1
dzcocqvksbanvspm9f.com,2,0,5,18,22,5,com,1
oiblhdovxzfby6.com,2,0,6,33,18,6,com,1
hxkzmrnypsfehxqs3.com,2,0,5,12,21,5,com,1
gaswrpvzltzmw2.com,2,0,6,14,18,6,com,1
ppqgqvljenoipdv.com,2,0,0,29,19,6,com,1
usamhsxqtztzxuvo89.com,2,0,9,36,22,5,com,1
qxbexzychdhlmdik9k.com,2,0,5,18,22,5,com,1
upoooevfvsznvfbxd.com,2,0,0,43,21,5,com,1
vqtfhaypzhngjgx.com,2,0,0,12,19,6,com,1
naswxxsbuaoany.com,2,0,0,55,18,6,com,1
bgpiqwocdlfcczy4.com,2,0,5,20,20,6,com,1
gddfgfbobfps6s.com,2,0,6,14,18,6,com,1
smytulvwhbkoqb.com,2,0,0,21,18,6,com,1
hpalbymlwkwexwxknq.com,2,0,0,17,22,5,com,1
uwthbkzjsiixelbc9.com,2,0,5,36,21,5,com,1
bzwpqwhkqukjwpexh6.com,2,0,5,18,22,5,com,1
owrumagzyhmt5.com,2,0,6,36,17,7,com,1
omhvrwfyuajx8.com,2,0,6,36,17,7,com,1
shzwtabnwabm72.com,2,0,11,25,18,7,com,1
kjkkyuzauwblzopwxj.com,2,0,0,31,22,5,com,1
btyvtkkmfyr3w.com,2,0,6,7,17,7,com,1
quifyewmhdlkr.com,2,0,0,33,17,6,com,1
dffqjgajjerybjs.com,2,0,0,20,19,6,com,1
tgtipktnkbidp.com,2,0,0,23,17,6,com,1
nosysdcmwiecucyyhq.com,2,0,0,31,22,5,com,1
cbvhnrnssancpg6.com,2,0,5,13,19,6,com,1
ctqbweqongnvp2s.com,2,0,5,21,19,6,com,1
szvuplkavsrwjpupgn.com,2,0,0,24,22,5,com,1
dkhafjvrcmesjpzr.com,2,0,0,19,20,5,com,1
ymropretptfqpz.com,2,0,0,21,18,6,com,1
fesnyctjyzzyrr8g.com,2,0,5,12,20,6,com,1
gpbbszygcqijq2.com,2,0,6,14,18,6,com,1
cxvhnouvtsyleltu.com,2,0,0,36,20,5,com,1
fsuqmvgfppddw3x.com,2,0,5,13,19,6,com,1
nrstutrxwvwvsibed.com,2,0,0,25,21,5,com,1
nnldlqomtoljkqr.com,2,0,0,20,19,6,com,1
baxbqlomwgw1t.com,2,0,6,25,17,7,com,1
rpgngmcannbyum.com,2,0,0,21,18,6,com,1
lbbstmiwpcxc1b.com,2,0,6,14,18,6,com,1
eryzvqdcubky.com,2,0,0,25,16,7,com,1
esgepkaywc1l.com,2,0,6,40,16,7,com,1
iownqndghclbl.com,2,0,0,23,17,6,com,1
jxnquifocrhfetcb.com,1,0,0,36,20,5,com,1
kmmknoervbxbo7.com,2,0,6,33,18,6,com,1
gvggcdhztoqzq.com,2,0,0,14,17,6,com,1
ajsbibocinsx.com,2,0,0,50,16,7,com,1
olyjsgjsxnddlpw7.com,2,0,5,12,20,6,com,1
rtcgnjkmipjl.com,2,0,0,15,16,7,com,1
ktvwejdrofzwsss.com,2,0,0,20,19,6,com,1
exnkfxzqvfjzrpty6.com,2,0,5,12,21,5,com,1
qmhfvysoenmivkofz.com,2,0,0,33,21,5,com,1
dotuablxoxjosvfdrd.com,2,0,0,40,22,5,com,1
xwcqxchnkwmybfz5w.com,2,0,5,6,21,5,com,1
dnfouylbkntrc87.com,2,0,11,23,19,6,com,1
fqhrkhfjbjegu41.com,2,0,11,23,19,6,com,1
iuxboiiwshy1.com,2,0,6,75,16,7,com,1
qwitqxxsljpuiep5.com,2,0,5,38,20,6,com,1
czbqzjhakak8.com,2,0,6,27,16,7,com,1
xxxwgoscxcqaxnfk5.com,2,0,5,19,21,5,com,1
aearymafiltedykkm.com,2,0,0,54,21,5,com,1
ygizktrnyktszaevd6.com,2,0,5,25,22,5,com,1
cfxzjifodzmrjl.com,2,0,0,21,18,6,com,1
qjhtbxdwzzcwakyt.com,2,0,0,12,20,5,com,1
njngvjvqdbmamvqa8.com,1,0,5,19,21,5,com,1
fgelmxiorvhwgy5a.com,2,0,5,38,20,6,com,1
xitxrkefhgmww4.com,2,0,6,23,18,6,com,1
mfsllpskunvabxxn.com,2,0,0,19,20,5,com,1
rfamfryuhjcmngpj.com,2,0,0,19,20,5,com,1
nojukxtqvjvxwe5w.com,2,0,5,29,20,6,com,1
cktllcyppicgaxrpv.com,2,0,0,18,21,5,com,1
kzkmmoojtzcaijwz.com,2,0,0,36,20,5,com,1
nrhgrqmsnjds9t.com,2,0,6,7,18,6,com,1
lwinlsqbeknsjr5.com,1,0,5,21,19,6,com,1
vudgcmisutzvde7f.com,1,0,5,38,20,6,com,1
uwxkwvatjremqwq5n.com,2,0,5,27,21,5,com,1
kqksnbrypwiezk9x.com,2,0,5,20,20,6,com,1
zwoarkpqqjqmisjc.com,2,0,0,27,20,5,com,1
hztqoywholyvhan.com,2,0,0,29,19,6,com,1
exgzzwvlbrpslqy3.com,2,0,5,12,20,6,com,1
thohxfcbixkmdich.com,2,0,0,27,20,5,com,1
fhizcrfgklq6i.com,2,0,6,25,17,7,com,1
aqerfyooxyvcyaavtc.com,2,0,0,50,22,5,com,1
ofyxgicgqbjv6.com,2,0,6,25,17,7,com,1
bkildmrlzjeagg0.com,2,0,5,31,19,6,com,1
echoxagpif67.com,2,0,12,62,16,8,com,1
ubipxwawxqzbuno.com,2,0,0,50,19,6,com,1
ohphwfxsytgtaebqtm.com,2,0,0,24,22,5,com,1
ggunjowbkvvsc77.com,2,0,11,23,19,6,com,1
htbglbqvfhsj.com,2,0,0,7,16,7,com,1
mdriukpsqskkarcg01.com,2,0,9,27,22,5,com,1
amtatsnjdiiwufm6.com,2,0,5,50,20,6,com,1
lhcnxsnxegrdl5.com,2,0,6,14,18,6,com,1
vcctxzcppqmmoicd.com,2,0,0,19,20,5,com,1
ifgjwhpeqbqel5t.com,2,0,5,31,19,6,com,1
fihaufiaorteszwj2.com,2,0,5,73,21,5,com,1
skufxtzvagxfo6.com,2,0,6,33,18,6,com,1
qybiarflquygm5q.com,2,0,5,31,19,6,com,1
fatkpbnitxefon33.com,2,0,10,42,20,6,com,1
iijlwgpunqewirouc4.com,2,0,5,67,22,5,com,1
bsbnfxuvlbsotd.com,2,0,0,21,18,6,com,1
xwqqcgwgglrmrg.com,2,0,0,6,18,6,com,1
zmykhopvmjonc37.com,2,0,11,23,19,6,com,1
sryomwgmzvrnpbfav.com,2,0,0,18,21,5,com,1
evucromoibtx.com,2,0,0,67,16,7,com,1
hyhidtghkxvjpemu8.com,2,0,5,27,21,5,com,1
bukzeidrrlmltnuq9f.com,2,0,5,33,22,5,com,1
sawfcfkuqrlz8h.com,2,0,6,23,18,6,com,1
apbbouwndgzsp8v.com,2,0,5,31,19,6,com,1
yxratfplgpa7d.com,2,0,6,25,17,7,com,1
wcjhddyxowcbm.com,2,0,0,14,17,6,com,1
tdnqlyoehwnyeeenau.com,2,0,0,62,22,5,com,1
gbsrobqndbbtcm.com,2,0,0,13,18,6,com,1
bhxhsxfnfjngbou.com,2,0,0,20,19,6,com,1
fqwktwqcryejvzxwk.com,2,0,0,11,21,5,com,1
vakpawdnzqjki3j.com,2,0,5,31,19,6,com,1
sulyekkbgnpjths86.com,2,0,10,20,21,6,com,1
fqphnmkpifiipkus3.com,2,0,5,36,21,5,com,1
byucqdsgbnbqdrp1l.com,2,0,5,12,21,5,com,1
qssciodiqnyiry5d.com,2,0,5,38,20,6,com,1
qaroqcbvrqqxhunyn.com,2,0,0,25,21,5,com,1
nenbihygywamvnp.com,2,0,0,29,19,6,com,1
cpnwmlpxnnez9.com,2,0,6,15,17,7,com,1
bnkapcedxcggkab5r.com,2,0,5,27,21,5,com,1
nladxclkzfyiknnqh.com,2,0,0,18,21,5,com,1
vmeviquozpgi.com,2,0,0,67,16,7,com,1
sbbafwscdkcccgmyyv.com,2,0,0,11,22,5,com,1
wjjjzchgtlcbakez9.com,2,0,5,19,21,5,com,1
vhxrtbzllldxpopj6.com,2,0,5,12,21,5,com,1
ernwgmjgyxxdzslt.com,2,0,0,12,20,5,com,1
voqtpvzzya4q.com,2,0,6,27,16,7,com,1
wkdfdyutmrojezx6.com,2,0,5,29,20,6,com,1
uheztrcccssimzrr.com,2,0,0,27,20,5,com,1
fukltvvlvuunf1p.com,2,0,5,31,19,6,com,1
dykcxgywysim.com,2,0,0,15,16,7,com,1
dqkdwbbdgfxi.com,2,0,0,15,16,7,com,1
ddqdyuwnuugck5.com,2,0,6,33,18,6,com,1
dvbkkxqvwzi5c.com,2,0,6,15,17,7,com,1
xqyoydloalyjom3a.com,2,0,5,50,20,6,com,1
ajdundwrxpvi7.com,2,0,6,36,17,7,com,1
dgsqmvaqgmbmdrl.com,2,0,0,12,19,6,com,1
bqujzmwhlcpd.com,2,0,0,15,16,7,com,1
axsmqgxuqeubzunp83.com,2,0,9,46,22,5,com,1
yjswuvwaduhhihuhx0.com,2,0,5,43,22,5,com,1
eddkvcimoebmg1z.com,2,0,5,42,19,6,com,1
kzxfglivtshvffk.com,2,0,0,12,19,6,com,1
vlhozorwjyrauafxr.com,2,0,0,43,21,5,com,1
inmxxmankewxjtgt.com,2,0,0,27,20,5,com,1
aavuncttcnx3.com,2,0,6,40,16,7,com,1
ugvqwwyncbyimif.com,2,0,0,29,19,6,com,1
tsfmfjftnetds.com,2,0,0,14,17,6,com,1
yqmpbkwdhdc8y.com,2,0,6,7,17,7,com,1
qsfwzsjykd2n.com,2,0,6,8,16,7,com,1
wodtijedmzpb.com,2,0,0,36,16,7,com,1
xbjpuqmeuyql39.com,2,0,11,36,18,7,com,1
sjyohnfvvrfohunn.com,2,0,0,27,20,5,com,1
yddvfcpmmazop0q.com,2,0,5,21,19,6,com,1
fqnnbugpyctly.com,2,0,0,14,17,6,com,1
nwrticiopnddlp10.com,2,0,10,31,20,6,com,1